Year,ter_inc
1978,2
1979,7
1980,1
1981,4
1982,4
1983,9
1984,3
1985,2
1986,24
1987,60
1988,44
1989,45
1990,87
1991,150
1992,85
1994,154
1995,666
1996,180
1997,206
1998,37
1999,39
2000,49
2001,53
2002,46
2003,29
2004,67
2005,77
2006,164
2007,260
2008,568
2009,667
2010,713
2011,1012
2012,1654
2013,2215
2014,2151
2015,1243
2016,864
2017,719
